url,title,author,createdAt
the-style-of-scp-report,SCP記事の文体とは,Ikr_4185,2014/11/20
sakagami-newmembers-guide,新人職員のための簡単なガイド,sakagami,2016/7/31
are-you-good-writer,あなたの記事が低評価にならないために,tokage-otoko,2016/3/23
new-site-members-be-critics,新サイトメンバーへ捧ぐ批評のススメ,Jiraku_Mogana,2024/8/3
how-to-get-better-advice-in-forums-jp,フォーラムで質問するまえに読み返してほしいエッセイ,Tark_IOL,2022/10/6
arukikata-kai,「SCP財団」の歩き方 改,{KABOOM1103,Tetsu1,kagayoh,hikikakuanaguma,Hoojiro_san,Hashibutopolymer},2024/5/8
tips-for-translating-to-japanese,記事の和訳を始める人へ,NorthPole,2021/10/27
criticism-tips,下書き批評のTipsまとめ,noyama,2018/1/24
how-to-wikidot,Wikidotのつかいかたエッセイ,Ikr_4185,2017/2/19
how-to-propose,提案スレッド設置についてのエッセイ,Nanigashi Sato,2021/1/26
glossary-for-new-site-members-jp,新サイトメンバーのための用語集,Tark_IOL,2021/3/12
about-the-scp-foundation,SCP財団とは,The Adminstrator,2014/3/17
faq-jp,FAQ,SCP財団,2026/4/1
frequently-asked-questions,よくある質問とその回答,SCP財団,2018/4/25
other-link-hub,お役立ちリンク集,SCP財団,2020/10/3
system:join,SCP財団参加の手引き,Dr Devan,2013/7/8
contact-staff,SCP財団参加の手引き,m0ch12uk1,2013/7/8
image-use-policy,画像利用ポリシー,yomoda,2014/12/2
site-charter,サイトスタッフ憲章,jet0620,2016/11/1
author-page-guide,著者ページのガイドライン,hal_aki,2017/6/25
vote-policy,Voteポリシー,SCP財団,2018/3/17
how-to-write:how-to-write,記事を作成するには？,Nanimono Demonai,2019/1/3
how-to-write:post-scp,SCP投稿ガイド,Nanimono Demonai,2019/01/03
how-to-write:post-tale,Tale投稿ガイド,Nanimono Demonai,2019/01/03
how-to-write:post-translation,翻訳投稿ガイド,SCP財団,2019/01/03
criticism-policy,批評に関するポリシー,SCP財団,2019/01/28
sandbox3guide,サンドボックスⅢ利用ガイド,SCP財団,2019/06/01
delete-collaboration-guide-jp,合作剪定ガイド,y33r41,2019/09/03
rate-module-design-guide,Rateモジュールデザインガイド,SCP財団,2019/09/30
collaboration-guide-jp,合作記事のガイドライン,SCP財団,2019/12/23
co-authored-and-revised-guide-jp,共著と改稿のガイドライン,SCP財団,2019/12/23
custom-theme-policy,カスタムテーマに関するポリシー,SCP財団,2020/08/24
storage-guide,ファイルストレージ利用ガイド,SCP財団,2020/10/05
how-to-write:post-artwork,アートワーク投稿ガイド,SCP財団,2021/03/08
how-to-write:post-goi-format,GoIフォーマット投稿ガイド,SCP財団,2021/03/22
category-policy,カテゴリ運用ポリシー,SCP財団,2021/04/05
enforcement-regulations-for-official-events,公式イベント施行規則,SCP財団,2021/04/12
licensing-guide,ライセンスガイド,SCP財団,2021/08/03
tag-guide,タグガイド,SCP財団,2021/09/08
tag-list,タグリスト,SCP財団,2021/09/08
discord-guideline,ディスコードのルールとポリシー,SCP財団,2021/12/23
user-component-policy,ユーザーコンポーネントに関するポリシー,SCP財団,2022/08/20
adult-guide,成人向けコンテンツのガイドライン,SCP財団,2022/09/04
how-to-write:post-others,その他のページ投稿ガイド,SCP財団,2023/02/20
translation-policy,翻訳品質・査読ポリシー,SCP財団,2024/04/22
site-rules,サイトルール,SCP財団,2024/08/18
about-the-scp-foundation-for-young,はじめての方へ(高校生以下の方へ),SCP財団,2025/03/28
deletions-guide,削除のガイドライン,SCP財団,2025/10/26
meet-the-staff-jp,スタッフ一覧,jet0620,2016/12/25
guide-for-newbies,サイトへの参加を希望される方へ,CheshireCheese,2013/8/24
guide-hub,ガイドハブ,CheshireCheese,2013/8/25
object-classes,オブジェクトクラス,unknown,2010/1/1
